Exp Num,batch,Epoch,Resource,Count,A,B,C,D,E,Median,Below,Above,Mean,STD,Resource Limit,Resource Unlimit
0,1,1,3387.1380245967352,100,0,16,71,13,0,0.4959264782015742,0.465449542592169,0.5309040487143009,0.5012177538407198,0.10595256224303302,2700.0,3600.0
0,1,2,2765.6890596910807,100,0,16,71,13,0,0.4959264782015742,0.465449542592169,0.5309040487143009,0.5012177538407198,0.105952562243033,2700.0,3600.0
0,1,3,2123.7859467235326,100,0,16,71,13,0,0.4959264782015742,0.465449542592169,0.5309040487143009,0.5012177538407199,0.10595256224303302,2700.0,3600.0
0,1,4,1969.8717811608844,100,0,16,71,13,0,0.4959264782015742,0.465449542592169,0.5309040487143009,0.5012177538407198,0.10595256224303301,2700.0,3600.0
0,1,5,1893.1136916059606,108,0,20,74,14,0,0.490586655595083,0.46126148460608146,0.5304251887295302,0.49614244707060445,0.1081904708056052,2916.0,3888.0
0,1,6,1754.8071176652434,111,0,22,75,14,0,0.4905461462382397,0.45670608358613163,0.5303484292347979,0.49398967897976453,0.10877222251280598,2997.0,3996.0
0,1,7,1615.001104137906,95,0,22,60,13,0,0.4906271649519263,0.45390666110868577,0.5314933251835757,0.4946082332044513,0.11753646456764769,2565.0,3420.0
0,1,8,1543.4854322568876,95,0,22,60,13,0,0.4906271649519263,0.45390666110868577,0.5314933251835757,0.49460823320445135,0.11753646456764767,2565.0,3420.0
0,1,9,1394.2931449512128,78,0,17,48,13,0,0.524223350677649,0.4762037186012742,0.5473650166259649,0.5088113142381953,0.11862368499752078,2106.0,2808.0
0,1,10,1359.4301033166296,76,0,15,48,13,0,0.5259799951340808,0.4905461462382397,0.5490489017580354,0.5123677341327456,0.11804915550417872,2052.0,2736.0
0,1,11,1160.9683544661061,62,1,12,38,11,0,0.5259799951340808,0.492791285044643,0.5491402486951961,0.5127938439204655,0.12742654521265423,1674.0,2232.0
0,1,12,1162.6586284095263,61,1,11,37,12,0,0.5269248415991294,0.4961589932542479,0.5492011466533032,0.5157498147207369,0.12762255042391216,1647.0,2196.0
0,1,13,957.3814923089686,58,1,10,35,12,0,0.5290433116610964,0.5088619273775687,0.5635387877661965,0.5199051330500438,0.12781071095183336,1566.0,2088.0
0,1,14,935.8175161270005,56,1,9,34,12,0,0.5290433116610964,0.512037660908399,0.5642265531295171,0.521104003814741,0.12945373886970993,1512.0,2016.0
0,1,15,872.2851077590203,49,0,8,30,11,0,0.5311617817230633,0.5122152423215574,0.5612214718342743,0.5285728284457991,0.122105549486918,1323.0,1764.0
0,1,16,827.6392679510666,48,0,8,29,11,0,0.5315762110487039,0.5127479865610324,0.5662190710941784,0.5292481166789563,0.12328033350240533,1296.0,1728.0
0,1,17,786.0608586421556,42,0,7,24,11,0,0.5435353102278878,0.5165872176195457,0.5744245365703975,0.5332186825798922,0.12858083991685465,1134.0,1512.0
0,1,18,716.8872691427242,39,0,5,23,11,0,0.5492011466533032,0.5237362718828191,0.5777028833347753,0.5408663068362866,0.128923445269688,1053.0,1404.0
0,1,19,714.3943942531617,38,0,4,23,11,0,0.5567138498914102,0.5247104294724789,0.5800042050343899,0.5446245942748829,0.12848265223898792,1026.0,1368.0
0,1,20,741.3134992739405,36,0,4,21,11,0,0.5692078480411702,0.5380217186977402,0.5860880741468535,0.5486637667348799,0.13025976470914116,972.0,1296.0
0,1,21,709.1461940203078,32,0,3,20,9,0,0.5692078480411702,0.5302297766805153,0.5830461395906217,0.5471097776009044,0.13280404846214044,864.0,1152.0
0,1,22,727.2987347025665,30,0,1,20,9,0,0.5743853043008018,0.544729375471078,0.5891187517371116,0.5667427800135987,0.11400369430130677,810.0,1080.0
0,1,23,727.4734253861936,29,0,1,20,8,0,0.5741891429528234,0.5402576042888527,0.5845671068687376,0.5651184949431363,0.11561081364214476,783.0,1044.0
0,1,24,789.2833947167929,27,0,1,18,8,0,0.5741891429528234,0.5424934898799654,0.5906340905322407,0.5688979847482282,0.11765076320784516,729.0,972.0
0,1,25,806.1038229485695,26,0,1,17,8,0,0.5692078480411702,0.5380217186977402,0.5860880741468535,0.5678464538913899,0.11976736148710972,702.0,936.0
0,1,26,909.71982062433,23,0,1,14,8,0,0.5745814656487802,0.5612214718342743,0.5940842134241416,0.5846945722828625,0.11677024262098903,621.0,828.0
0,1,27,890.1866638034392,22,0,1,13,8,0,0.5743853043008018,0.5552113092437888,0.5906340905322407,0.5841915076306875,0.11937024230484582,594.0,792.0
0,1,28,868.1932333838693,20,0,2,11,7,0,0.5743853043008018,0.5582163905390315,0.5891187517371117,0.5736526016189661,0.13172517496362662,540.0,720.0
0,1,29,853.5358796790944,19,0,3,9,7,0,0.5741891429528234,0.552206227948546,0.5837867524472389,0.5593941991783096,0.14931354358816273,513.0,684.0
0,1,30,847.1470775023101,17,0,4,9,4,0,0.5492011466533032,0.5215324625341995,0.5702041070235009,0.5198005214014598,0.14023167627878105,459.0,612.0
0,1,31,860.2549184713797,17,0,5,8,4,0,0.5492011466533032,0.5215324625341995,0.5744245365703975,0.5027954093663931,0.15894126212782297,459.0,612.0
0,1,32,875.0310401393863,20,0,6,8,6,0,0.5616951448030634,0.5227000245791438,0.5771493192813623,0.5095946913851701,0.1589718983889997,540.0,720.0
0,1,33,861.2520906690314,17,0,6,5,6,0,0.5492011466533032,0.4726665712014583,0.5782763170192705,0.4912415804381021,0.1601283125293462,459.0,612.0
0,1,34,876.154215494531,20,0,8,6,6,0,0.48042169907526705,0.3978526304496116,0.5591963451731113,0.4711009876602327,0.15694343888100062,540.0,720.0
0,1,35,862.5189637873572,22,0,10,6,6,0,0.44099362028351874,0.33050016641216917,0.5371996233697064,0.4564269153131736,0.15675092911739333,594.0,792.0
0,1,36,826.7719402428328,24,0,11,7,6,0,0.44099362028351874,0.3292936202719565,0.5091694479930556,0.45036303394682475,0.1534128035194742,648.0,864.0
0,1,37,765.717558407227,27,0,13,7,6,1,0.44034118086081453,0.33050016641216917,0.4991415575418001,0.4530089515460076,0.16677816530978717,729.0,972.0
0,1,38,664.7155177045964,30,0,15,7,7,1,0.40224913748950497,0.3317067125523818,0.4891136670905446,0.4509937779602949,0.16859613051178982,810.0,1080.0
0,1,39,645.0581549893996,32,0,15,8,8,1,0.44099362028351874,0.3424431258450423,0.49949777923356814,0.4570507937705728,0.1660670421842407,864.0,1152.0
0,1,40,641.9808682045755,29,0,13,7,8,1,0.4690578861880336,0.3567739047143551,0.5434142306825293,0.4717082875722283,0.16482854059078764,783.0,1044.0
0,1,41,640.7329616436969,28,0,13,6,8,1,0.45469953352442405,0.3507664468572775,0.5252515615038656,0.4680482570229213,0.16658412473929848,756.0,1008.0
0,1,42,640.4457604115706,25,0,14,5,5,1,0.35492810736339503,0.3275089255390323,0.46941410787980176,0.4368569122837985,0.16398232166840596,675.0,900.0
0,1,43,649.3756011397253,24,0,13,5,5,1,0.34896582893885014,0.3292936202719565,0.46977032957156983,0.441766105026399,0.16531359234285495,648.0,864.0
0,1,44,690.8304461260501,22,0,11,5,5,1,0.40603071835116944,0.33050016641216917,0.49949777923356825,0.4524786559378251,0.168370221747725,594.0,792.0
0,1,45,750.9523878949653,21,0,11,5,4,1,0.34300355051430526,0.3280870741317439,0.4699484404174539,0.44187163734552853,0.17050551390953025,567.0,756.0
0,1,46,809.1317780471971,20,0,10,5,4,1,0.40603071835116944,0.3317067125523818,0.48964799962819683,0.45122775858266967,0.1693737278639899,540.0,720.0
0,1,47,807.0664182567509,19,0,10,4,4,1,0.33411980483280707,0.3269307769463207,0.5091694479930556,0.4450812967880741,0.17822553534267319,513.0,684.0
0,1,48,794.5032891339775,21,0,12,4,4,1,0.3280870741317439,0.32644440104713957,0.4690578861880336,0.4279118434040297,0.17768487496527519,567.0,756.0
0,1,49,759.7095825223745,24,0,14,4,5,1,0.3273643883908544,0.3145452445079354,0.44207026991698817,0.4237886387692664,0.17718838688724292,648.0,864.0
0,1,50,688.9133416558303,27,0,16,4,6,1,0.3280870741317439,0.31752003364273645,0.4280067477765921,0.4230591024335425,0.17559067938481426,729.0,972.0
0,1,51,697.1993208675167,28,0,17,4,6,1,0.3273643883908544,0.3101044889444094,0.3869556093651505,0.4188155853191128,0.1738307842306197,756.0,1008.0
0,1,52,715.8992713136304,28,0,17,4,6,1,0.3273643883908544,0.3162542435877163,0.3869556093651505,0.42155686500865713,0.17159061416985866,756.0,1008.0
0,1,53,748.74684894835,29,0,18,4,6,1,0.3280870741317439,0.31922903272251735,0.36509722827326313,0.41942614486106894,0.1689827518938912,783.0,1044.0
0,1,54,803.2251860051379,27,0,17,3,6,1,0.3280870741317439,0.3210328748036729,0.36376441638709656,0.42355146128764526,0.16958892998306266,729.0,972.0
0,1,55,823.0422314116181,23,0,14,3,5,1,0.33411980483280707,0.324640558965984,0.3869556093651505,0.43151191962555463,0.17127545730287852,621.0,828.0
0,1,56,900.6662494634922,23,0,14,3,5,1,0.33411980483280707,0.324640558965984,0.3869556093651505,0.43151191962555474,0.17127545730287852,621.0,828.0
0,1,57,879.9988234682932,21,0,12,3,5,1,0.35976598072859656,0.3280870741317439,0.4690578861880336,0.4460381563314094,0.17205048614395668,567.0,756.0
0,1,58,856.7026306793922,23,0,14,3,5,1,0.33411980483280707,0.32625763330864266,0.3869556093651505,0.4330894769899073,0.16987613898630338,621.0,828.0
0,1,59,809.9827410552416,26,0,17,3,5,1,0.3311034394822755,0.325510562354655,0.36378061588214167,0.4183000370744959,0.16584278785240356,702.0,936.0
0,1,60,725.9662152835967,30,0,19,4,5,2,0.3311034394822755,0.3222764136693377,0.3648403855930569,0.4309029444720092,0.18013403457903757,810.0,1080.0
0,1,61,714.4849507941873,30,0,19,3,6,2,0.3311034394822755,0.3222764136693377,0.3648403855930569,0.43303989967935136,0.1841097966622062,810.0,1080.0
0,1,62,747.1312233095354,30,0,19,3,6,2,0.3311034394822755,0.31498712997365375,0.3648403855930569,0.43118016287267236,0.18545402767310698,810.0,1080.0
0,1,63,751.2958443051024,26,0,15,3,6,2,0.32679881824319945,0.3113300389720917,0.4690578861880336,0.44568741407113854,0.19476517366902757,702.0,936.0
0,1,64,799.3072790310018,23,0,15,2,4,2,0.31742519064136177,0.2956175208048668,0.33442285545111444,0.4261229126074812,0.197311754577028,621.0,828.0
0,1,65,851.4065612944671,20,0,12,2,4,2,0.32146787649800834,0.30549459545152363,0.4356469699339915,0.447099284709194,0.202980190389188,540.0,720.0
0,1,66,854.9055260590873,19,0,10,3,4,2,0.35976598072859656,0.31904226498402044,0.5224069052576663,0.46403936753702596,0.19956641853954354,513.0,684.0
0,1,67,848.6941996491918,19,0,12,2,3,2,0.31742519064136177,0.2996591519309556,0.3529148970538082,0.4265889642860991,0.19945068016213024,513.0,684.0
0,1,68,841.6760040811329,21,0,13,3,3,2,0.31742519064136177,0.29674143017067156,0.35976598072859656,0.42237513483422073,0.19277371566684853,567.0,756.0
0,1,69,813.354505816257,24,0,13,4,4,3,0.34263827154162574,0.3125490693059457,0.4707266920961703,0.4568988367320946,0.2105527588421559,648.0,864.0
0,1,70,750.4088844325287,26,0,14,5,3,4,0.34263827154162574,0.3113300389720917,0.48486818729021375,0.45939315398384595,0.21754369175075242,702.0,936.0
0,1,71,657.4278474130705,27,0,15,6,3,3,0.325510562354655,0.30257687369123965,0.41272230039091545,0.4372121195802535,0.20439065459351838,729.0,972.0
0,1,72,693.191323329724,27,0,15,6,3,3,0.325510562354655,0.30257687369123965,0.41272230039091545,0.43721211958025347,0.2043906545935184,729.0,972.0
0,1,73,647.9239878398685,28,0,16,6,3,3,0.32146787649800834,0.2953130686982862,0.41128388946183403,0.43007517920567373,0.20410493847175942,756.0,1008.0
0,1,74,693.7619671905086,29,1,16,6,4,2,0.31742519064136177,0.29102798428113014,0.400404943343554,0.41521961879917474,0.19662241057886243,783.0,1044.0
0,1,75,721.1302439044399,26,1,15,6,4,0,0.31437761480672677,0.2895996228087448,0.35976598072859656,0.3867694119548777,0.15590227112959096,702.0,936.0
0,1,76,764.9860430577116,24,1,14,5,4,0,0.31437761480672677,0.2844346036685794,0.3529148970538082,0.38643312889024717,0.159975564596318,648.0,864.0
0,1,77,826.1685894513304,22,1,12,5,4,0,0.32146787649800834,0.29829178927408356,0.39024520268981455,0.3975428898278304,0.16259323531987607,594.0,792.0
0,1,78,856.8942170585294,19,0,12,4,3,0,0.325510562354655,0.3125490693059457,0.3711974695935106,0.3934097639232024,0.14976375324024024,513.0,684.0
0,1,79,881.3812460210678,17,0,9,5,3,0,0.3740553418097391,0.3505202325179435,0.4073147990181969,0.41908433025682934,0.14486373893409113,459.0,612.0
0,1,80,898.7998821314487,19,0,11,5,3,0,0.3740553418097391,0.3474383164477258,0.3973326950819749,0.40851726489162626,0.14171191449520265,513.0,684.0
0,1,81,898.1465512486277,22,0,12,5,5,0,0.3754794655107024,0.3505202325179435,0.4073147990181969,0.4209499049412417,0.1530943569647226,594.0,792.0
0,1,82,867.0207390135502,23,0,12,6,5,0,0.37690358921166567,0.34058723277293756,0.41128388946183403,0.4195514192661789,0.15697851583544445,621.0,828.0
0,1,83,821.6779998287795,25,0,14,6,5,0,0.3740553418097391,0.31983835300162966,0.40568985652864864,0.40837101502582696,0.1553056954975223,675.0,900.0
0,1,84,749.6362825577203,28,0,17,6,5,0,0.3349334813660816,0.29728977328213124,0.382010865679243,0.3951008339418589,0.15173957153504763,756.0,1008.0
0,1,85,767.842499085793,30,0,19,6,5,0,0.3592058710936236,0.30626596252900534,0.3837112660477093,0.3944154838416813,0.14662377445828925,810.0,1080.0
0,1,86,734.9638401268622,30,0,19,5,6,0,0.3592058710936236,0.30626596252900534,0.3837112660477093,0.40457655927851544,0.1575464816662203,810.0,1080.0
0,1,87,685.7527302400146,31,0,19,5,7,0,0.3740553418097391,0.3113300389720917,0.3903671643966248,0.41358725677676283,0.16265300480239822,837.0,1116.0
0,1,88,652.0444147405551,30,0,18,4,8,0,0.3754794655107024,0.30626596252900534,0.39519628725779576,0.4202927773167406,0.17164445983958973,810.0,1080.0
0,1,89,676.6292745618514,28,0,16,4,8,0,0.3754794655107024,0.29728977328213124,0.4047841195036412,0.4256492600017272,0.17621981261430752,756.0,1008.0
0,1,90,671.5380275575255,28,0,16,4,8,0,0.3754794655107024,0.3352190898748817,0.4047841195036412,0.4292910495747222,0.17357874884506025,756.0,1008.0
0,1,91,695.6180865119061,26,0,13,5,8,0,0.38967178038060896,0.34435640037750814,0.4242699299551913,0.43834051780605804,0.17711351115071558,702.0,936.0
0,1,92,712.9384136462296,24,0,12,5,7,0,0.38967178038060896,0.309259163661023,0.4222480862281524,0.430155076346054,0.1733019667437985,648.0,864.0
0,1,93,765.9073230348511,20,0,10,5,5,0,0.38967178038060896,0.3304377952543176,0.41820439877407467,0.42177948514156816,0.16479755559674863,540.0,720.0
0,1,94,768.15138167871,20,0,11,4,5,0,0.36426000802963887,0.2959096986998868,0.4111719549118079,0.4150636777722636,0.16768275423914622,540.0,720.0
0,1,95,770.7083232178453,20,0,11,5,4,0,0.36426000802963887,0.3247719332015201,0.4111719549118079,0.40833984715289695,0.15570020682493377,540.0,720.0
0,1,96,742.815510817689,22,0,13,5,4,0,0.36426000802963887,0.3160712380891386,0.3951050278223212,0.39779300835818776,0.15465053942169324,594.0,792.0
0,1,97,690.1859984741292,24,1,13,5,5,0,0.36426000802963887,0.3073705429767572,0.3987724996859367,0.39882638912521867,0.16192465180945304,648.0,864.0
0,1,98,608.4574826284568,28,2,13,6,7,0,0.3805031007215702,0.3334726283139015,0.40899595408311473,0.4087998556744545,0.17016354913102377,756.0,1008.0
0,1,99,571.4202105207703,29,2,13,6,8,0,0.3841026122314747,0.3440619441105488,0.4204514359871722,0.41734867930852343,0.1732150978654621,783.0,1044.0
0,1,100,537.3290271460639,30,2,13,7,8,0,0.39327129189051346,0.34783918547908044,0.4304696495176234,0.41824986950832904,0.17037284592064775,810.0,1080.0
0,1,101,531.3313195859283,30,1,13,8,8,0,0.4038087158323239,0.36678872426604425,0.44161529143784006,0.4245630171373019,0.16803541300541155,810.0,1080.0
0,1,102,533.6908838144393,27,0,13,6,8,0,0.40243997154955224,0.3797831984195893,0.4425383227261243,0.43456020779397425,0.16293244557657088,729.0,972.0
0,1,103,545.8835305712486,26,0,13,6,7,0,0.39893849907708057,0.37690358921166567,0.4397692288612716,0.42375879474365336,0.15626232891862213,702.0,936.0
0,1,104,615.0860129987633,22,0,12,4,6,0,0.3897698194180418,0.3617312917932335,0.42483752593658386,0.42089203701089944,0.15410763598669983,594.0,792.0
0,1,105,662.8314860996076,17,0,8,3,6,0,0.40243997154955224,0.38863637798072836,0.4551622813743024,0.4488570115456825,0.15865777254916813,459.0,612.0
0,1,106,660.227261238903,17,0,8,3,6,0,0.40243997154955224,0.38863637798072836,0.4551622813743024,0.4488570115456825,0.15865777254916813,459.0,612.0
0,1,107,657.2179307465292,19,0,10,3,6,0,0.39543702660460883,0.36287697737048924,0.4359955025520646,0.4373925424718205,0.1538585921834828,513.0,684.0
0,1,108,632.8938160286372,20,1,10,3,6,0,0.37166925808773266,0.3514116705636589,0.41921773705080845,0.4221234421358545,0.1615426408197687,540.0,720.0
0,1,109,583.6265040049049,24,1,12,4,7,0,0.3778599234593268,0.3596197551042368,0.4359955025520646,0.4290984619893264,0.1558419630206954,648.0,864.0
0,1,110,571.6180879626586,25,1,13,4,7,0,0.3716172346871789,0.35856976982849154,0.4192177370508084,0.42584264599364874,0.15352412464418452,675.0,900.0
0,1,111,591.4786882573463,23,1,11,5,6,0,0.3841026122314747,0.36077130858497525,0.4479770173265626,0.43097419719613744,0.14639871459194806,621.0,828.0
0,1,112,635.5153184222946,23,1,11,5,6,0,0.3841026122314747,0.36077130858497525,0.4479770173265626,0.43097419719613755,0.14639871459194806,621.0,828.0
0,1,113,684.0848107846368,19,1,8,4,6,0,0.40243997154955224,0.374114310196038,0.45875491339817237,0.4505663502420987,0.14854706479931948,513.0,684.0
0,1,114,705.4392992540087,16,1,7,3,5,0,0.4080008099949358,0.3611551597452214,0.46234754542204226,0.43911422448346205,0.16194978641962768,432.0,576.0
0,1,115,740.2215149022036,14,1,7,3,3,0,0.36638619721620014,0.35961975510423677,0.4298309551795899,0.4084468547174542,0.14975616716695092,378.0,504.0
0,1,116,790.1338018655864,14,2,6,3,3,0,0.36638619721620014,0.35961975510423677,0.4298309551795899,0.397663328927173,0.15889830610575245,378.0,504.0
0,1,117,836.5198816283112,16,2,6,4,4,0,0.396618488381761,0.3611551597452214,0.44438438530269275,0.4237739482113497,0.172378267956536,432.0,576.0
0,1,118,858.419058152943,19,2,7,5,5,0,0.4216197420763431,0.3632475747336129,0.45875491339817237,0.43317347649928434,0.17120981375055222,513.0,684.0
0,1,119,852.6618618891998,21,2,7,6,6,0,0.44438438530269275,0.3716172346871789,0.4775077399754408,0.44544127951167506,0.16920552558433924,567.0,756.0
0,1,120,825.8015457296844,23,2,8,6,7,0,0.44438438530269275,0.36978878057889336,0.48072077708560607,0.45040988584998976,0.16765150365239023,621.0,828.0
0,1,121,774.8657944537565,25,2,8,7,8,0,0.46234754542204226,0.40161873912067747,0.49760702562484893,0.4633859417084046,0.16714337155606382,675.0,900.0
0,1,122,695.9949581863185,28,2,8,9,9,0,0.45524549956488536,0.41743821050163366,0.49558997557555795,0.46795638572228443,0.16304998250523467,756.0,1008.0
0,1,123,727.1255346002414,30,2,8,11,9,0,0.4669405560166673,0.43527852801215294,0.49760702562484893,0.4704926990846282,0.1580575994128275,810.0,1080.0
0,1,124,705.4860657053398,30,3,7,11,9,0,0.4669405560166673,0.43527852801215294,0.49760702562484893,0.46350639866832993,0.16710888048529923,810.0,1080.0
0,1,125,715.081228324872,30,3,6,12,9,0,0.4669405560166673,0.44167747157841164,0.49760702562484893,0.4684024459504984,0.16409984106431336,810.0,1080.0
0,1,126,752.3805589289851,28,3,5,11,9,0,0.4669405560166673,0.44303092844055214,0.5110202617588957,0.4742377103233851,0.16590893570601659,756.0,1008.0
0,1,127,808.4831272368519,26,3,4,11,8,0,0.4669405560166673,0.44438438530269275,0.5036581757727219,0.4724034553069843,0.16766954419063249,702.0,936.0
0,1,128,860.6340183631321,22,2,5,9,6,0,0.4462639195052106,0.42801868564260187,0.49080833210815,0.46466213620677954,0.1605436522696747,594.0,792.0
0,1,129,844.9983601295863,19,2,4,7,6,0,0.4481434537077284,0.4248192138594725,0.5331065197174174,0.4702648321025255,0.17126797147174283,513.0,684.0
0,1,130,837.4975940276452,20,2,5,7,6,0,0.4428802773498592,0.41325667892692414,0.5183823477450696,0.4594517139831642,0.1734578597102055,540.0,720.0
0,1,131,818.8194731224374,23,3,5,8,7,0,0.44126994177330997,0.41743821050163366,0.5110202617588957,0.4551874640456235,0.1805964625442819,621.0,828.0
0,1,132,766.9115808720721,27,4,5,9,9,0,0.4481434537077284,0.42801868564260187,0.5584669052426531,0.46792270397477675,0.1893140325086684,729.0,972.0
0,1,133,666.0940101705401,31,5,5,9,12,0,0.5036581757727219,0.43761710099198997,0.5715524516598558,0.4787892823460379,0.19548695632431212,837.0,1116.0
0,1,134,614.1678750675601,33,6,5,10,12,0,0.4481434537077284,0.4180682465723383,0.5706831076135932,0.46770544575171824,0.19623866734883846,891.0,1188.0
0,1,135,585.1150149534914,33,7,5,9,12,0,0.4481434537077284,0.40323222848561424,0.5706831076135932,0.46031521158392835,0.20161359489401662,891.0,1188.0
0,1,136,561.6455472108802,31,8,4,7,12,0,0.43761710099198997,0.4007120842027957,0.5715524516598558,0.4500881687314997,0.21093862993167986,837.0,1116.0
0,1,137,570.4695695577086,28,8,3,6,11,0,0.4296184215341665,0.39306466019138686,0.5780887738027535,0.4429483805350237,0.2162490911935018,756.0,1008.0
0,1,138,601.8002910675959,25,7,2,6,10,0,0.43761710099198997,0.40260219241490963,0.5846250959456512,0.44862279860483034,0.2182210475268387,675.0,900.0
0,1,139,656.7244225742068,20,5,1,5,9,0,0.5098479526837921,0.42411516641772157,0.6196146536881401,0.4753682329095474,0.2192118447226675,540.0,720.0
0,1,140,753.1148774712659,17,2,1,5,9,0,0.6042340623743442,0.49750705288857944,0.6499274541985289,0.5310593720149758,0.18933379368411762,459.0,612.0
0,1,141,784.3270839672488,17,2,2,5,8,0,0.5715524516598558,0.4418276420782854,0.627304949345038,0.504275545133955,0.19777626860865624,459.0,612.0
0,1,142,809.5567871229405,16,2,2,5,7,0,0.5098479526837921,0.43761710099198997,0.6042340623743442,0.49657138589040895,0.1970505313212776,432.0,576.0
0,1,143,838.1290543904211,18,3,3,5,7,0,0.4428802773498592,0.40323222848561424,0.5780887738027535,0.4681632517928977,0.20646708173916087,486.0,648.0
0,1,144,850.0760579627354,19,2,3,6,8,0,0.5715524516598558,0.43972237153513766,0.6019435305499767,0.5015578314260261,0.1968011606834324,513.0,684.0
0,1,145,843.237818716167,23,3,3,7,10,0,0.5715524516598558,0.44603818316458077,0.6119243580312421,0.5075026762077116,0.20170511419278958,621.0,828.0
0,1,146,794.6980246431558,25,3,4,8,10,0,0.5575665787873578,0.44393291262143303,0.597362466901242,0.4976111138803908,0.2024087966061801,675.0,900.0
0,1,147,718.7644060300906,28,3,6,9,10,0,0.5329289010904339,0.43086613370485577,0.575798241978386,0.4813372171993812,0.2009760448741493,756.0,1008.0
0,1,148,750.8769750483066,28,2,6,10,10,0,0.5513006964635023,0.44603818316458077,0.575798241978386,0.49415150269132263,0.19372906038846416,756.0,1008.0
0,1,149,733.8590738623187,28,2,7,10,9,0,0.5329289010904339,0.43086613370485577,0.5603637533618574,0.47841735294593946,0.1900149356402311,756.0,1008.0
0,1,150,736.1268575142612,26,2,7,9,8,0,0.48346677888469713,0.4038622645563189,0.5555336948078027,0.4667102488034342,0.1919744045183864,702.0,936.0
0,1,151,751.290859119895,26,3,6,9,8,0,0.48346677888469713,0.4038622645563189,0.5555336948078027,0.4632444950720425,0.19651412251220166,702.0,936.0
0,1,152,765.1691456731864,25,3,6,9,7,0,0.4481434537077284,0.40260219241490963,0.5504540967946423,0.4560668532485708,0.1970356065913289,675.0,900.0
0,1,153,868.1734867725996,20,3,4,6,7,0,0.5371618994347342,0.42411516641772157,0.563160927936357,0.4717812146773671,0.21146710438672664,540.0,720.0
0,1,154,914.2872294185005,19,4,4,5,6,0,0.43761710099198997,0.37121228946057067,0.5481849766585752,0.4342513119563418,0.2300160574801342,513.0,684.0
0,1,155,955.8488274957217,19,4,5,4,6,0,0.4038622645563189,0.28024916322970517,0.5481849766585752,0.4233170714232822,0.23449055224791523,513.0,684.0
0,1,156,992.1820150818569,17,4,4,3,6,0,0.5187901040616659,0.30094932134393726,0.5567534251955357,0.43589219089689923,0.24300843301134192,459.0,612.0
0,1,157,1032.5866668563708,19,5,3,3,8,0,0.5555336948078027,0.3941978573616401,0.5949005656569468,0.4592990336899458,0.2468890341123981,513.0,684.0
0,1,158,1047.4583268393635,23,6,3,3,10,1,0.5575665787873578,0.4876420423866596,0.6417972403342411,0.4818299131940806,0.2533096272896742,621.0,828.0
0,1,159,1024.0092168031388,26,7,4,3,11,1,0.5565501367975803,0.3641796995851271,0.6211750637810262,0.4712883218444816,0.24757793365597838,702.0,936.0
0,1,160,967.8259101134688,29,7,5,3,13,1,0.5575665787873578,0.395101780480435,0.618649038254927,0.4773472151713028,0.24675514281808802,783.0,1044.0
0,1,161,874.547782750314,30,7,5,3,14,1,0.580900320580851,0.45694594227105056,0.6172830141420048,0.48089573677474134,0.24277111917087207,810.0,1080.0
0,1,162,758.6195377820299,34,7,5,4,17,1,0.6063894992624375,0.5445892973886929,0.6309442001287976,0.5028854480796106,0.23743684940598248,918.0,1224.0
0,1,163,743.8570006212071,35,7,5,5,17,1,0.6042340623743442,0.5326279604450157,0.6172830141420048,0.4990129563721703,0.23124032229256994,945.0,1260.0
0,1,164,734.980431846504,35,7,5,5,17,1,0.6042340623743442,0.5326279604450157,0.6172830141420048,0.49901295637217036,0.23124032229256994,945.0,1260.0
0,1,165,752.2654763047326,35,9,5,5,15,1,0.5555336948078027,0.44522414503489616,0.6135969872027288,0.4686928125626343,0.24918613591340083,945.0,1260.0
0,1,166,686.1000068255066,35,10,4,5,15,1,0.5555336948078027,0.44522414503489616,0.6135969872027288,0.4636582713841623,0.2530202425393178,945.0,1260.0
0,1,167,648.9755305670249,35,9,5,5,15,1,0.5555336948078027,0.44522414503489616,0.6135969872027288,0.4674114904270465,0.24982867544238704,945.0,1260.0
0,1,168,654.6149141860134,33,9,4,4,15,1,0.5575665787873578,0.4722389601848191,0.623617347867969,0.4725369319604174,0.2528436328866487,891.0,1188.0
0,1,169,686.5022980077529,29,8,4,3,13,1,0.5418531980339154,0.3911945147350502,0.6309442001287976,0.46806772971264476,0.25521309882415544,783.0,1044.0
0,1,170,721.9786927624143,25,6,4,3,12,0,0.5418531980339154,0.44522414503489616,0.6430027860652696,0.4721955932085693,0.2510077833475285,675.0,900.0
0,1,171,762.5328775756476,21,4,3,3,11,0,0.6211750637810262,0.5187901040616659,0.6574272388395634,0.511175818041282,0.23256063476479524,567.0,756.0
0,1,172,754.0377786474019,20,4,2,4,10,0,0.5876198411248279,0.5109755725708964,0.6693663061237461,0.5176628852219084,0.2234854479668644,540.0,720.0
0,1,173,723.7381282337813,21,5,2,4,10,0,0.5418531980339154,0.49925377533474197,0.6574272388395634,0.4955913735660507,0.23939592552370315,567.0,756.0
0,1,174,678.5814269432633,23,6,2,4,11,0,0.5418531980339154,0.479715198107634,0.6633967724816547,0.4916182371810252,0.24674799717530035,621.0,828.0
0,1,175,605.4251072551358,26,7,2,4,13,0,0.5876198411248279,0.49925377533474197,0.6574272388395634,0.49307870581449464,0.2504547538005881,702.0,936.0
0,1,176,620.3650035151926,27,7,2,5,13,0,0.5747738384493007,0.5070683068255115,0.6554227954204337,0.49801859019928046,0.2479304117432052,729.0,972.0
0,1,177,614.4830290211193,26,7,2,5,12,0,0.5583135182416081,0.49925377533474197,0.6524161302917392,0.49033359158798207,0.24947765768986221,702.0,936.0
0,1,178,654.0454531756388,26,7,2,4,13,0,0.6040801613325206,0.49925377533474197,0.6574272388395634,0.4970113539875766,0.2524558696309053,702.0,936.0
0,1,179,720.3090041457142,23,6,1,3,13,0,0.6524161302917392,0.559669825826389,0.6964127863405221,0.5173950388730497,0.2539116972856834,621.0,828.0
0,1,180,795.9149482396002,17,3,1,2,11,0,0.6574272388395634,0.64099834264614,0.7044145061193278,0.554193046239922,0.24017676992579243,459.0,612.0
0,1,181,812.4915979992585,17,3,1,2,11,0,0.6574272388395634,0.64099834264614,0.7044145061193278,0.554193046239922,0.24017676992579243,459.0,612.0
0,1,182,831.2683575480713,19,4,1,2,12,0,0.6574272388395634,0.6371924134309402,0.7084153660087307,0.5420840462522467,0.2542653636036208,513.0,684.0
0,1,183,832.1472774293538,22,6,1,2,13,0,0.6429013072537398,0.5978111357894924,0.6784180514064969,0.5040765717552238,0.2725482249978903,594.0,792.0
0,1,184,802.5446185977354,23,6,1,1,15,0,0.6524161302917392,0.6331826037325484,0.6964127863405221,0.5172749482225527,0.2717645976573519,621.0,828.0
0,1,185,748.3417468022268,26,6,2,1,17,0,0.6549216845656514,0.6333864842157405,0.6924119264511193,0.5271583391233533,0.2622887797732235,702.0,936.0
0,1,186,655.0383269423543,30,8,2,1,19,0,0.6549216845656514,0.6329787232493562,0.7004136462299249,0.5114919235323836,0.2748720805713171,810.0,1080.0
0,1,187,624.5619570117639,30,10,2,1,17,0,0.65107023971387,0.3961290455636396,0.6884115882858641,0.4745723780922551,0.2874283339867162,810.0,1080.0
0,1,188,627.4917584327745,30,10,3,1,16,0,0.6410457154678904,0.3796215316228404,0.6687542217740157,0.46200062993051894,0.28358106246438114,810.0,1080.0
0,1,189,666.7637281946082,30,11,3,1,15,0,0.5169639854994909,0.34721565238597774,0.6544205737108688,0.4399057936354512,0.28724340902901185,810.0,1080.0
0,1,190,650.9004119833033,29,10,3,1,15,0,0.63236708179978,0.37126178313538455,0.6564250171299986,0.4506662154646336,0.28614734997951985,783.0,1044.0
0,1,191,693.7348520052251,25,6,3,1,15,0,0.6524161302917392,0.540044604759549,0.6884115882858641,0.5089797350981826,0.26497394277478215,675.0,900.0
0,1,192,727.972849159383,19,3,3,1,12,0,0.6524161302917392,0.6358385352670242,0.6910784803960341,0.5428012594799545,0.23575667799302494,513.0,684.0
0,1,193,735.1129770441004,17,1,4,1,11,0,0.6524161302917392,0.6393099887342684,0.6897450343409492,0.5680236256005743,0.1997851159878205,459.0,612.0
0,1,194,743.2780337398915,16,1,4,1,10,0,0.6690804132337167,0.63236708179978,0.6924119264511193,0.5629173303796102,0.20485473167805196,432.0,576.0
0,1,195,752.6052535192389,17,2,4,1,10,0,0.6524161302917392,0.4938833662394331,0.6897450343409492,0.541064476348937,0.21711209138300686,459.0,612.0
0,1,196,752.9788300519753,20,2,7,1,9,1,0.5169639854994909,0.38277669344588294,0.6657475566453211,0.5144646583871954,0.21782206499450246,540.0,720.0
0,1,197,722.524769965333,22,2,7,1,11,1,0.6238295721555067,0.39341312374585846,0.6724132698221121,0.531558826346486,0.21502851566195122,594.0,792.0
0,1,198,666.8018326488282,25,2,8,1,13,1,0.6191931922058183,0.3961290455636396,0.665747556645321,0.5344603280544059,0.2116609851445671,675.0,900.0
0,1,199,693.6214723930383,24,2,8,0,13,1,0.6257801370027991,0.4334434365904839,0.679078982998903,0.5399978046733728,0.21424393490305366,648.0,864.0
0,1,200,773.5219316584378,23,1,8,0,13,1,0.63236708179978,0.5698299060310461,0.6870781422307791,0.558341099169192,0.19955124931703308,621.0,828.0
0,1,201,832.4341839902886,22,1,8,0,12,1,0.6257801370027991,0.47890559307067115,0.6724132698221121,0.5485450643764328,0.1985537713722659,594.0,792.0
0,1,202,863.9624885532122,20,1,7,0,12,0,0.6423916060457595,0.5243677495508586,0.6884115882858641,0.5526385275508645,0.19985948884827484,540.0,720.0
0,1,203,889.3348473614071,19,0,8,0,11,0,0.63236708179978,0.4334434365904837,0.679078982998903,0.5536033064572393,0.19067964194944667,513.0,684.0
0,1,204,897.6239195931372,20,0,7,0,13,0,0.637760224445496,0.6121750932920746,0.6657475566453211,0.5731643419748238,0.1778616070241344,540.0,720.0
0,1,205,886.7040633030888,23,0,9,0,14,0,0.6152920625112334,0.5635959675927287,0.6516716329081083,0.561764197280784,0.18037855542635794,621.0,828.0
0,1,206,843.9475226743946,25,0,9,1,15,0,0.6150958295996852,0.6033754491038348,0.6366815959163528,0.5650323469539623,0.17337096626051307,675.0,900.0
0,1,207,775.0320178710876,27,0,10,1,16,0,0.6074996394633366,0.6018566872871887,0.6255370740843613,0.5544363656389419,0.1685637488867522,729.0,972.0
0,1,208,675.4621544354594,30,0,12,1,17,0,0.6071560156456455,0.5144840102364565,0.622122070226652,0.5474494773893263,0.17128245091828506,810.0,1080.0
0,1,209,670.191595946191,32,0,14,1,17,0,0.6066126822825408,0.3857094871900119,0.6152135693466141,0.5331476361425532,0.17487555487108183,864.0,1152.0
0,1,210,650.2385288825391,33,0,14,2,17,0,0.6064129727371272,0.3872240158035348,0.6151350761819948,0.5347490550535026,0.172443655008337,891.0,1188.0
0,1,211,649.1358167810855,34,0,14,3,17,0,0.6026160681955117,0.41487679610107714,0.6135765915724155,0.5343875787302879,0.16990148298657842,918.0,1224.0
0,1,212,645.5447479171974,30,0,12,3,15,0,0.6026160681955117,0.4686678280826386,0.6105381155178761,0.5366866437365263,0.16928138463027842,810.0,1080.0
0,1,213,610.0388566279869,27,0,9,3,15,0,0.6068123918279543,0.5911243415838874,0.6152135693466141,0.5564122258252735,0.16707599558471642,729.0,972.0
0,1,214,636.1647187077579,26,0,9,3,14,0,0.6066126822825408,0.5859944602038815,0.6150958295996852,0.5495964353448181,0.1665344817846905,702.0,936.0
0,1,215,664.0771790877226,22,0,7,2,13,0,0.6071560156456455,0.6018566872871887,0.6152135693466141,0.5630393532922401,0.16686851492195762,594.0,792.0
0,1,216,719.1990725555902,21,0,7,1,13,0,0.6074996394633366,0.6064129727371272,0.6152920625112334,0.5586689499707266,0.17390611291472474,567.0,756.0
0,1,217,782.1476443705083,19,0,6,1,12,0,0.6074996394633366,0.6064928565552926,0.6152528159289238,0.561441456037607,0.17049993120959256,513.0,684.0
0,1,218,796.867571892287,18,0,6,1,11,0,0.6071560156456455,0.6023292702304781,0.6151350761819948,0.5502140728327326,0.16819693989254392,486.0,648.0
0,1,219,813.5716982311178,17,0,6,1,10,0,0.6068123918279543,0.5941618652171797,0.6120573535451458,0.5368424697422657,0.16351129862524524,459.0,612.0
0,1,220,832.4904913706597,18,0,5,2,11,0,0.6071560156456455,0.6023292702304781,0.6151350761819948,0.5576880232745204,0.15805311407994715,486.0,648.0
0,1,221,833.5299803113647,22,0,6,2,14,0,0.6071560156456455,0.6029524797940501,0.6152135693466141,0.5596879932825675,0.1620173096217081,594.0,792.0
0,1,222,793.8937910569474,26,0,7,3,16,0,0.6071560156456455,0.6006454844986654,0.6152920625112334,0.5650986263189268,0.1685456907140387,702.0,936.0
0,1,223,707.516427176049,29,0,7,3,19,0,0.6086524979224693,0.6064928565552927,0.6180664103814423,0.5739932532343256,0.16262023170345047,783.0,1044.0
0,1,224,738.0226056244431,28,0,6,3,19,0,0.6118741637610773,0.606732508009789,0.623638671297438,0.584191089927228,0.15612154193454628,756.0,1008.0
0,1,225,825.0777257025712,27,0,6,3,18,0,0.6086524979224693,0.6065727403734581,0.633396019194325,0.5830392020537464,0.15886951420021403,729.0,972.0
0,1,226,919.7886120601268,27,0,6,3,18,0,0.6086524979224693,0.6065727403734581,0.633396019194325,0.5830392020537464,0.158869514200214,729.0,972.0
0,1,227,1007.700588264253,21,0,3,2,16,0,0.643153367091212,0.6074996394633366,0.6734296565743363,0.6213278432907821,0.13735458316778015,567.0,756.0
0,1,228,1019.833837565212,20,0,2,2,16,0,0.647238469660627,0.6120573535451458,0.6879782075455921,0.6386695983798503,0.1161642360285671,540.0,720.0
0,1,229,1033.310255237135,18,0,2,2,14,0,0.647238469660627,0.6073621899362601,0.6807039320599643,0.6342280165672948,0.11978103168323406,486.0,648.0
0,1,230,1058.2345427795533,18,0,3,2,13,0,0.6253265032772743,0.606732508009789,0.655744789098901,0.6138610376300284,0.12900046718130395,486.0,648.0
0,1,231,1085.8136898943792,21,0,3,3,15,0,0.6218743733143643,0.6068123918279543,0.6513235722300421,0.6171879470791277,0.12411016325716119,567.0,756.0
0,1,232,1086.4537964116669,26,0,4,4,17,1,0.6325138702027882,0.6068123918279543,0.6734296565743363,0.6198339031009781,0.13808109747667963,702.0,936.0
0,1,233,1037.3279691258983,30,0,5,5,18,2,0.6325138702027882,0.6066526241916235,0.6817657322261684,0.6221760249767134,0.14430351197264804,810.0,1080.0
0,1,234,942.4740419382744,31,0,5,6,18,2,0.643153367091212,0.6068123918279543,0.6942698457039167,0.6245860304481549,0.14449016008091992,837.0,1116.0
0,1,235,825.588885963034,32,0,5,8,17,2,0.6325138702027882,0.5988331355607649,0.6859337700520844,0.615644941521549,0.1477299685127853,864.0,1152.0
0,1,236,874.2807762285815,32,0,5,9,16,2,0.6325138702027882,0.5886981990901503,0.6859337700520844,0.6095373128011183,0.15194878232924586,864.0,1152.0
0,1,237,924.5011183745987,32,0,5,10,15,2,0.6112599289065148,0.5873187558927226,0.6859337700520844,0.6080067792964533,0.15184910264352983,864.0,1152.0
0,1,238,973.9556336304157,28,0,5,8,13,2,0.6112599289065148,0.5881009224678414,0.6973760833636286,0.6046883984086582,0.1596348067093863,756.0,1008.0
0,1,239,1077.76581943604,24,0,3,7,12,2,0.6476520149443503,0.5954701328532761,0.7066947963427641,0.6192421432155301,0.1545107450257936,648.0,864.0
0,1,240,1077.5558830846703,23,0,3,7,11,2,0.6218743733143643,0.5881009224678414,0.7005813894095101,0.6133228785754208,0.16002911548337306,621.0,828.0
0,1,241,1077.3236872895468,22,0,3,6,11,2,0.6476520149443503,0.5758193025220223,0.7132044768206969,0.6139872270117661,0.16363864158885352,594.0,792.0
0,1,242,1067.1082863074769,24,0,4,6,11,3,0.6476520149443503,0.567543908529808,0.7195160205262903,0.6121596579905043,0.17160235802618024,648.0,864.0
0,1,243,1035.8347754716776,27,0,4,7,12,4,0.6734296565743363,0.5758193025220223,0.7285690218980763,0.6167141791721678,0.17241693306280562,729.0,972.0
0,1,244,970.980049706197,32,0,5,7,15,5,0.7042601416176942,0.609137040024945,0.7286542320604631,0.6267081968342832,0.17059644591948894,864.0,1152.0
0,1,245,847.6488296217951,37,0,6,7,17,7,0.7142504375314718,0.6424964866183531,0.7305608018409071,0.6396769909535358,0.17498972308388253,999.0,1332.0
0,1,246,874.3483031439758,38,0,6,8,17,7,0.7042601416176942,0.6176285955512245,0.7304513741751055,0.6370550556597591,0.17340684801559933,1026.0,1368.0
0,1,247,923.4558026554527,37,0,6,8,16,7,0.6942698457039167,0.609137040024945,0.7286542320604631,0.6344723725157688,0.1750119033053151,999.0,1332.0
0,1,248,916.8478042597121,33,0,6,7,14,6,0.6734296565743363,0.5923700905064511,0.7165658628715542,0.620353147024761,0.17668709211869582,891.0,1188.0
0,1,249,938.578826703502,32,0,5,7,14,6,0.680377076200336,0.609137040024945,0.7211967135517189,0.629688416636624,0.17122512008957477,864.0,1152.0
0,1,250,942.7547623717161,32,0,5,7,14,6,0.680377076200336,0.609137040024945,0.7211967135517189,0.629688416636624,0.17122512008957477,864.0,1152.0
0,1,251,967.5418212002578,30,0,5,7,12,6,0.680377076200336,0.5968320298036561,0.7189664983740234,0.6274518761213805,0.17587315931074254,810.0,1080.0
0,1,252,1058.4910600252322,26,0,5,6,10,5,0.6614711346306619,0.5592685145375936,0.7142504375314718,0.6189948193756417,0.1833274997779102,702.0,936.0
0,1,253,1016.2664144345924,26,0,5,6,10,5,0.6614711346306619,0.5592685145375936,0.7142504375314718,0.6167741576290886,0.18645946266923494,702.0,936.0
0,1,254,959.1780667759332,27,0,6,6,10,5,0.6356177734349879,0.547733475689046,0.7062582008004497,0.6033382244886,0.19537935273595725,729.0,972.0
0,1,255,885.0771986565818,29,0,7,7,10,5,0.6218743733143643,0.5395810635012415,0.6928807757284006,0.5892253598410594,0.1955236458396588,783.0,1044.0
0,1,256,780.8711362431579,34,0,8,8,13,5,0.6287460733746761,0.5395810635012415,0.7102543191659608,0.5961507921738863,0.1945665010824854,918.0,1224.0
0,1,257,820.3756996926227,36,0,8,9,14,5,0.6125304357411079,0.5394654669290483,0.6942698457039167,0.5916137445973715,0.1911545608529818,972.0,1296.0
0,1,258,777.7965057244103,35,0,8,8,14,5,0.6218743733143643,0.5398122566456278,0.7022620824349387,0.5967636152208915,0.1913878418203753,945.0,1260.0
0,1,259,797.6045530277819,36,0,9,8,14,5,0.6125304357411079,0.5394654669290483,0.6942698457039167,0.5878395122194647,0.19595716822263504,972.0,1296.0
0,1,260,825.7366580977961,34,0,10,8,12,4,0.5496559821638038,0.4467786719088548,0.6328690934108633,0.5602977299937136,0.19754943338990796,918.0,1224.0
0,1,261,868.8131721765882,29,0,10,6,11,2,0.5394654669290483,0.4143197292164452,0.6181367982850617,0.5375613913256448,0.19035618425304285,783.0,1044.0
0,1,262,895.913589031343,27,0,9,5,11,2,0.5400434497900142,0.46777597039232655,0.6301204133867384,0.5491620938273267,0.19209193541946543,729.0,972.0
0,1,263,1035.6186926187893,22,0,6,5,9,2,0.5716149739789327,0.4829313940080256,0.6666418068697967,0.5659736628470142,0.19218473895349328,594.0,792.0
0,1,264,1060.7914729581685,19,0,5,4,8,2,0.6031864981678513,0.4688410201859079,0.6769831513480662,0.5732745888587578,0.1900117522989572,513.0,684.0
0,1,265,1088.6395085412678,17,0,5,2,8,2,0.6356177734349879,0.5653006691411491,0.7034800608494174,0.5915837255333022,0.1927683402944744,459.0,612.0
0,1,266,1129.2927910055705,18,0,5,3,8,2,0.6194021358014197,0.5222428423889877,0.692709684167363,0.5811835287302847,0.19218220144808262,486.0,648.0
0,1,267,1164.113786854641,21,0,5,5,9,2,0.6031864981678513,0.5400434497900142,0.6356177734349879,0.5815649642843377,0.17872507127866213,567.0,756.0
0,1,268,1172.7035226138748,24,0,6,5,10,3,0.6163050950023832,0.5517988468597105,0.6628081664068683,0.5854602999904771,0.1827311699809682,648.0,864.0
0,1,269,1152.474946328654,28,0,7,6,11,4,0.6163050950023832,0.539528607385,0.673149510885138,0.5880392472118887,0.1967460398616014,756.0,1008.0
0,1,270,1090.4996691924712,30,1,7,6,11,5,0.6163050950023832,0.5390137649799858,0.6766932571204374,0.5842806592588795,0.2118431610905362,810.0,1080.0
0,1,271,1001.8151124420483,32,1,7,7,11,6,0.6163050950023832,0.5384989225749715,0.6802370033557369,0.5938442077129347,0.21853578963012477,864.0,1152.0
0,1,272,882.4178464250855,36,2,7,9,11,7,0.6012879268265663,0.5400434497900142,0.6696057646498386,0.592621955001403,0.22818013155311964,972.0,1296.0
0,1,273,935.8582238121605,37,2,7,9,12,7,0.6031864981678513,0.5490912627087774,0.6802370033557369,0.5953716952599688,0.22567936804150482,999.0,1332.0
0,1,274,1046.650638216554,33,2,6,9,10,6,0.5993893554852812,0.539528607385,0.642415371677958,0.585204421712401,0.22850557090484655,891.0,1188.0
0,1,275,1091.7985912195372,31,2,5,9,10,5,0.5993893554852812,0.5400434497900142,0.6356177734349879,0.5901119491328446,0.22146662040815215,837.0,1116.0
0,1,276,1207.4477025389322,24,1,3,7,8,5,0.6163050950023832,0.5700082567665938,0.6826134303416698,0.6218043765038058,0.22276363822035253,648.0,864.0
0,1,277,1210.348672870405,21,1,2,6,8,4,0.629423691836915,0.5993893554852812,0.6943623445683403,0.6272122538528311,0.22135704922281887,567.0,756.0
0,1,278,1223.3737542050685,22,1,2,7,8,4,0.6163050950023832,0.5773535314462657,0.6708645161149993,0.6235519099014616,0.21691721698050215,594.0,792.0
0,1,279,1227.7763243025577,22,1,2,9,6,4,0.5810261687861016,0.5411554174280482,0.6189288143692895,0.6025875652863398,0.21973950550628774,594.0,792.0
0,1,280,1232.5902336809033,26,2,2,11,6,5,0.5743838403215838,0.537469237764943,0.6031864981678513,0.5942561074377907,0.23844778957721585,702.0,936.0
0,1,281,1198.455135683396,31,3,2,13,8,5,0.562662982086922,0.537469237764943,0.6031864981678513,0.5743570991634767,0.24510359475980645,837.0,1116.0
0,1,282,1111.4529801699862,34,3,2,13,11,5,0.5927470270207634,0.5417423041875609,0.6239322018151722,0.5860286867109635,0.23798938443773732,918.0,1224.0
0,1,283,985.0546858894452,36,4,1,13,13,5,0.6012879268265663,0.546684686922706,0.629423691836915,0.5903119250579915,0.24696796680348285,972.0,1296.0
0,1,284,822.8491246404276,40,4,1,15,13,7,0.6012879268265663,0.5562716640212356,0.6553991529294851,0.6003608978540227,0.2408787654163559,1080.0,1440.0
0,1,285,837.3288337309287,41,4,1,16,13,7,0.5993893554852812,0.546684686922706,0.629423691836915,0.5962675001016834,0.2393274555204105,1107.0,1476.0
0,1,286,862.7159076309739,42,5,1,16,13,7,0.5927470270207634,0.5429778998713471,0.6286822264599241,0.5835300870418292,0.2501315397893474,1134.0,1512.0
0,1,287,825.8627382963358,43,6,1,16,13,7,0.5861046985562457,0.5398992143560083,0.6279407610829331,0.5699596199013217,0.2623840452157123,1161.0,1548.0
0,1,288,728.1192934650235,42,7,1,15,12,7,0.5761025087695489,0.5289884436237532,0.6286822264599241,0.5557717660833823,0.2792674922102446,1134.0,1512.0
0,1,289,652.4683808040584,39,8,1,13,10,7,0.5661003189828522,0.5261615122433565,0.6239322018151722,0.536188119635498,0.294859620667622,1053.0,1404.0
0,1,290,618.0910717004558,37,8,1,11,10,7,0.5861046985562457,0.5386842260604756,0.6286822264599241,0.5388368019496372,0.3023811234144376,999.0,1332.0
0,1,291,556.92517035412,33,6,1,10,9,7,0.5993893554852812,0.5398992143560083,0.6424114223832,0.5628187661814303,0.2896916969497752,891.0,1188.0
0,1,292,552.0343542634464,32,7,1,9,8,7,0.5730370212039936,0.49974461653449354,0.6286822264599241,0.5440754395861181,0.30182313387711607,864.0,1152.0
0,1,293,501.4372507446298,32,6,1,10,8,7,0.5730370212039936,0.49974461653449354,0.6286822264599241,0.5550563187273355,0.29016454686247245,864.0,1152.0
0,1,294,439.9218929109922,31,6,1,9,8,7,0.5993893554852812,0.47459486904752723,0.629423691836915,0.5556236439196707,0.29479000580391607,837.0,1116.0
0,1,295,367.9224031580069,31,6,1,9,8,7,0.5993893554852812,0.47459486904752723,0.629423691836915,0.5556236439196708,0.29479000580391607,837.0,1116.0
0,1,296,322.47970422717316,30,6,1,8,8,7,0.6043851254916959,0.5141419727212757,0.6553991529294851,0.55860514444986,0.3014878906176099,810.0,1080.0
0,1,297,278.35032974573255,26,5,0,7,7,7,0.6184754619462741,0.546684686922706,0.6943623445683403,0.5809663992813502,0.3013114942561322,702.0,936.0
0,1,298,235.18414261065038,23,5,0,7,6,5,0.5993893554852812,0.5273126101668171,0.6279407610829331,0.548691782130718,0.3047445412219828,621.0,828.0
0,1,299,215.74957154480848,19,3,0,6,5,5,0.6093808954981107,0.5572256206352211,0.6810038813335597,0.6003145717249326,0.29182362526060435,513.0,684.0
0,1,300,213.90219295765436,17,2,0,6,4,5,0.6093808954981107,0.5677665543477362,0.7176361491256671,0.6298356625066384,0.2789201488575532,459.0,612.0
0,1,301,210.23058630878384,15,1,0,5,4,5,0.6943623445683403,0.6053842794929789,0.7576231510365565,0.6705365564891134,0.25982891514701256,405.0,540.0
0,1,302,195.10961582765708,12,1,0,3,4,4,0.713757181699446,0.6433734751262026,0.7698587171395589,0.6658882465525738,0.26736017649347327,324.0,432.0
0,1,303,237.42774162436822,12,2,0,2,4,4,0.713757181699446,0.6433734751262026,0.7698587171395589,0.6281230361395364,0.32130287725422146,324.0,432.0
0,1,304,228.89476350831404,8,2,0,2,3,1,0.5749438020009426,0.5273126101668171,0.6341351201645989,0.5189882111246235,0.335849461216351,216.0,288.0
0,1,305,278.8709509353547,8,2,0,2,3,1,0.5749438020009426,0.5273126101668171,0.6341351201645989,0.5189882111246236,0.335849461216351,216.0,288.0
0,1,306,339.68026999659344,8,2,0,2,3,1,0.5749438020009426,0.5273126101668171,0.6341351201645989,0.5189882111246235,0.335849461216351,216.0,288.0
0,1,307,384.6785651137275,7,1,0,2,3,1,0.6093808954981107,0.5680563833015091,0.6836435694975752,0.5931293841424268,0.2914328461616056,189.0,252.0
0,1,308,439.01153628667987,7,1,0,2,3,1,0.6093808954981107,0.5680563833015091,0.6836435694975752,0.5931293841424268,0.29143284616160553,189.0,252.0
0,1,309,503.77983766853447,6,0,0,2,3,1,0.6712664571643312,0.6093808954981107,0.7331520188305517,0.691984281499498,0.17516445417137833,162.0,216.0
0,1,310,579.9868978416915,7,0,1,2,3,1,0.6093808954981107,0.5680563833015091,0.6836435694975752,0.6463702832816909,0.19693445720207586,189.0,252.0
0,1,311,658.0958637560663,6,0,2,1,3,0,0.5419585561585488,0.47453621681898694,0.6093808954981107,0.5450649607502921,0.18407061835586824,162.0,216.0
0,1,312,758.1039380970608,6,0,2,0,4,0,0.6640371576185005,0.6093808954981107,0.7186934197388901,0.5857578279036092,0.1908441932916102,162.0,216.0
0,1,313,871.481058935293,5,0,2,0,3,0,0.7186934197388901,0.5802905694332736,0.7309613693629398,0.5842754693784015,0.2111879264418479,135.0,180.0
0,1,314,1008.4709122866799,5,0,2,0,3,0,0.7186934197388901,0.5802905694332736,0.7309613693629398,0.5842754693784015,0.2111879264418479,135.0,180.0
0,1,315,1159.9142606469634,5,0,2,0,3,0,0.7186934197388901,0.5802905694332736,0.7309613693629398,0.5842754693784015,0.2111879264418479,135.0,180.0
0,1,316,1325.3745839228186,6,0,2,0,3,1,0.7340283567689523,0.7186934197388901,0.7493632937990145,0.6230551334982791,0.21139125330831166,162.0,216.0
0,1,317,1494.4825088016614,6,0,3,0,2,1,0.5456898568568694,0.3726862939748487,0.7186934197388901,0.5301038503015053,0.2367394305572209,162.0,216.0
0,1,318,1675.4641208134258,7,0,3,0,2,2,0.7186934197388901,0.5110891442804654,0.7370953441749647,0.5711134125087866,0.24110112992729363,189.0,252.0
0,1,319,1857.8594704293243,8,0,3,0,3,2,0.7165281982744536,0.6460276402429834,0.724827394550915,0.5890196080464404,0.23045163997272694,216.0,288.0
0,1,320,2040.2643582088015,9,0,3,0,4,2,0.7186934197388901,0.7152290653957916,0.7335381718065277,0.6054895804661067,0.2222097073380318,243.0,324.0
0,1,321,2221.349107918655,10,0,3,0,5,2,0.7279713897811636,0.7169612425673408,0.742094933413668,0.6244822603459046,0.21837109614799458,270.0,360.0
0,1,322,2399.8730688645983,11,0,3,0,6,2,0.7372493598234371,0.7186934197388901,0.7461274596414473,0.6355409148273176,0.21112505527467648,297.0,396.0
0,1,323,2574.695035218983,13,0,3,0,7,3,0.7420364175579439,0.7335381718065277,0.7467746264729608,0.6592508873294183,0.20287197886746006,351.0,468.0
0,1,324,2735.570658894733,15,0,3,0,8,4,0.7461274596414473,0.7401215944641413,0.7605056654279873,0.6775208065316948,0.19464708305899417,405.0,540.0
0,1,325,2881.4822005067626,16,0,3,0,9,4,0.7440819385996956,0.7372493598234371,0.7493632937990145,0.679036217657469,0.18855759351618764,432.0,576.0
0,1,326,3020.752621026367,18,0,3,0,10,5,0.7477453767202309,0.7410790060110426,0.7669210416924076,0.6913366468636442,0.18134381186586904,486.0,648.0
0,1,327,3143.6877982014216,20,0,4,0,10,6,0.7477453767202309,0.7401215944641413,0.7694955869871674,0.6793794084777274,0.19050278540956841,540.0,720.0
0,1,328,3249.7571782036653,23,0,6,0,11,6,0.7420364175579439,0.7335381718065277,0.7523599343187412,0.6542199752750028,0.2000301077779217,621.0,828.0
0,1,329,3329.500840441866,26,0,7,0,13,6,0.7416544490884462,0.7186934197388901,0.7493632937990145,0.6457776749556253,0.2034220913852474,702.0,936.0
0,1,330,3382.61067462218,29,0,7,0,15,7,0.7412724806189487,0.7152290653957917,0.748716126967501,0.6565481140838213,0.19769986112230456,783.0,1044.0
0,1,331,3408.8774989345516,32,0,7,1,17,7,0.7392609202211928,0.7068056214504566,0.7480689601359876,0.6568443568322935,0.1900111238676878,864.0,1152.0
0,1,332,3408.1401321780772,36,0,8,1,19,8,0.7416544490884462,0.714362976810017,0.764346496397648,0.6592853509428444,0.19131753745094132,972.0,1296.0
0,1,333,3371.1766641497434,41,0,9,1,21,10,0.7420364175579439,0.714362976810017,0.764346496397648,0.6645172634837115,0.1915888687386659,1107.0,1476.0
0,1,334,3288.5932724023323,47,0,11,1,23,12,0.7461274596414473,0.7160951539815663,0.7692245666266802,0.6641190917725338,0.1965973907868324,1269.0,1692.0
0,1,335,3150.610898715699,53,0,11,1,27,14,0.74842910646791,0.7379294405234915,0.7732723064205849,0.6800147776822856,0.19212545396655759,1431.0,1908.0
0,1,336,2955.8457931875864,59,0,11,1,30,17,0.74842910646791,0.7374193799984508,0.776232493758731,0.6917935351691573,0.18983656897387835,1593.0,2124.0
0,1,337,2701.936533537914,66,0,11,3,33,19,0.7440819385996956,0.7195562313072369,0.7722855773078695,0.6933011380856069,0.18329535361222085,1782.0,2376.0
0,1,338,2375.649447403786,74,1,13,4,36,20,0.7416368646998301,0.7152290653957916,0.7642069571833117,0.6753720751795358,0.19633558308688426,1998.0,2664.0
0,1,339,1960.267313510334,84,1,16,4,42,21,0.7416368646998301,0.714093855185073,0.7624575199510627,0.6665432672749466,0.1992188636883966,2268.0,3024.0
0,1,340,1866.0988856319907,87,1,16,5,44,21,0.7420012487807115,0.7141611355913089,0.7612662395761594,0.6671656217528593,0.19671887820507541,2349.0,3132.0
0,1,341,1812.0144245424035,84,1,15,5,43,20,0.7420188331693277,0.714093855185073,0.7624575199510627,0.668520293199653,0.1962998346161616,2268.0,3024.0
0,1,342,1761.0674911930528,80,1,14,4,41,20,0.7428974757068687,0.7206065696543147,0.7642012544836054,0.6735338674989667,0.1968440311278206,2160.0,2880.0
0,1,343,1654.7724672126585,69,1,12,3,34,19,0.7435517349923264,0.7244953081399141,0.7706977611258251,0.6778405408917065,0.1986167380671527,1863.0,2484.0
0,1,344,1573.2476728421063,64,1,9,3,32,19,0.7498690417779659,0.7412154670709616,0.776232493758731,0.6930120077193225,0.18893607266260293,1728.0,2304.0
0,1,345,1484.6640631813264,63,1,9,3,32,18,0.74842910646791,0.7404108429118594,0.7732723064205849,0.6910446831736343,0.18977816691720903,1701.0,2268.0
0,1,346,1370.669626315711,62,1,9,3,31,18,0.7459904207301182,0.7388301013676483,0.7752457646460156,0.6891738166650972,0.19286756814630968,1674.0,2232.0
0,1,347,1235.7529824006408,61,2,8,3,31,17,0.7435517349923264,0.7372493598234371,0.7722855773078695,0.6847705846870824,0.19937757940977274,1647.0,2196.0
0,1,348,1193.1530251853974,58,2,8,1,31,16,0.7459904207301182,0.7404108429118594,0.7732723064205849,0.6826572596616518,0.20528530317694282,1566.0,2088.0
0,1,349,1091.2488372701894,54,2,9,1,27,15,0.7428974757068687,0.7252856789120197,0.7642980824263005,0.6674787769040714,0.21977633991486373,1458.0,1944.0
0,1,350,1000.4227588331255,53,2,9,1,26,15,0.7435517349923264,0.7372223299909786,0.7659343125796922,0.6665941693586763,0.221744751074691,1431.0,1908.0
0,1,351,912.322624272945,51,2,8,1,25,15,0.7435517349923264,0.741201213683965,0.764346496397648,0.6702703735985021,0.22140677440212678,1377.0,1836.0
0,1,352,864.9643291250794,49,2,8,0,24,15,0.74842910646791,0.7414182342513013,0.7706977611258251,0.6755990903325162,0.223396572853101,1323.0,1764.0
0,1,353,810.2795537670282,46,2,7,0,22,15,0.7530607524596796,0.7412724806189487,0.7722855773078695,0.6806324122031594,0.2212078306114932,1242.0,1656.0
0,1,354,769.7150293718084,43,2,5,0,22,14,0.7576923984514492,0.7418554951483589,0.7732723064205849,0.6931343881257078,0.21478343139987546,1161.0,1548.0
0,1,355,691.2209703802018,40,1,4,0,22,13,0.7606705993887077,0.7421464293651312,0.7742590355333003,0.7104278341178126,0.19571443424106968,1080.0,1440.0
0,1,356,625.935100136497,37,1,4,0,20,12,0.7576923984514492,0.7420980358369913,0.7691099449437808,0.703986345770847,0.2043715949633341,999.0,1332.0
0,1,357,569.6376343037748,35,1,4,0,19,11,0.74842910646791,0.7416812347420129,0.7675221287617365,0.6995856450365056,0.2092012533876331,945.0,1260.0
0,1,358,541.1161227711673,32,1,4,0,17,10,0.7453361614446605,0.7292645626050059,0.7642496684549529,0.6921686024560121,0.21713067052671942,864.0,1152.0
0,1,359,503.9037244242067,28,1,4,0,14,9,0.7453361614446605,0.7372223299909786,0.7657406566943022,0.6818786515363856,0.22848951799419584,756.0,1008.0
0,1,360,462.0259926849356,27,1,4,0,13,9,0.74842910646791,0.7415212277226636,0.7690131170010859,0.6823450874932901,0.23266924529601998,729.0,972.0
0,1,361,423.80273163145495,27,1,4,0,13,9,0.74842910646791,0.7415212277226636,0.7690131170010859,0.6823450874932901,0.23266924529601998,729.0,972.0
0,1,362,412.6832919171869,26,0,4,0,13,9,0.756038953396938,0.7420012487807115,0.7722855773078695,0.7011562311614565,0.21601596197730066,702.0,936.0
0,1,363,398.02841987475506,23,0,4,0,11,8,0.7636488003259662,0.7421948228932711,0.7733539726887092,0.7020291849120592,0.22749335450382294,621.0,828.0
0,1,364,402.07845070752336,21,0,5,0,9,7,0.742243216421411,0.741201213683965,0.7636488003259662,0.6636651734687646,0.252036395302676,567.0,756.0
0,1,365,420.2522774717713,16,0,4,0,7,5,0.7452151776243108,0.741201213683965,0.7636488003259662,0.6578403306573993,0.2525766348028505,432.0,576.0
0,1,366,430.09109122686215,13,0,3,0,5,5,0.7636488003259662,0.7372223299909786,0.7717750712351389,0.677905674915687,0.24968430003952674,351.0,468.0
0,1,367,455.07938357734855,12,0,3,0,5,4,0.7524250070049656,0.7292645626050059,0.7639221760549326,0.6580620685725528,0.2498368345439964,324.0,432.0
0,1,368,469.3956541630577,8,0,4,0,3,1,0.5077236027490606,0.3305627161382072,0.6933647732206941,0.5101394852119197,0.24628067244244806,216.0,288.0
0,1,369,518.4297143593961,6,0,4,0,1,1,0.3169266317649003,0.29419982447605564,0.33965343905374507,0.4402788858208358,0.24638791336890947,162.0,216.0
0,1,370,597.0915051467305,7,0,4,0,1,2,0.33965343905374507,0.3123812703071314,0.5943240315460441,0.5005094058158939,0.2716631516519952,189.0,252.0
0,1,371,677.8361978321037,7,0,5,0,0,2,0.29419982447605564,0.25675016877917956,0.3214719932226693,0.42392645763152653,0.2619480636566523,189.0,252.0
0,1,372,770.349240193902,7,0,6,0,0,1,0.25346328767368553,0.2404555540582315,0.2779052097551076,0.3454986915831883,0.21481983935714583,189.0,252.0
0,1,373,875.1372858724346,8,1,6,0,0,1,0.24262350966080717,0.2310317431684109,0.26161059503415957,0.32729108246943395,0.20663914722584906,216.0,288.0
0,1,374,982.4730361366464,9,1,7,0,0,1,0.25346328767368553,0.23611964285308015,0.2860525171155816,0.32989365322940417,0.19496027524093093,243.0,324.0
0,1,375,1091.6023823873172,10,1,8,0,0,1,0.2738315560748706,0.24479146526338286,0.31238127030713136,0.3311429279157425,0.18499352479207187,270.0,360.0
0,1,376,1201.7557309668757,9,1,6,1,0,1,0.33965343905374507,0.27070131794969743,0.3418398078849793,0.3568552651438472,0.1901483608462922,243.0,324.0
0,1,377,1331.7199285266886,10,1,7,1,0,1,0.3345622952680682,0.29906800595890903,0.3407466234693622,0.35411685377770163,0.1805775437051094,270.0,360.0
0,1,378,1462.5608519441155,11,1,8,1,0,1,0.33965343905374507,0.3294711514823913,0.34238640009278787,0.3576742272193404,0.17254104453567176,297.0,396.0
0,1,379,1593.3561267248099,12,1,9,1,0,1,0.3410199195732665,0.3335440665109328,0.34738309162261494,0.35726923747010275,0.16520093390274507,324.0,432.0
0,1,380,1723.2074024754604,14,2,10,1,0,1,0.3345622952680682,0.2801662757833676,0.3418398078849793,0.33835352888496323,0.160634104230169,378.0,504.0
0,1,381,1841.7411046339905,16,2,11,1,0,2,0.3345622952680682,0.2678400568586117,0.34238640009278787,0.36766501733909485,0.20628243009047936,432.0,576.0
0,1,382,1947.7432091042604,18,2,13,1,0,2,0.3410199195732665,0.31714493255763543,0.34818770541644617,0.36725965440293457,0.19456570226354225,486.0,648.0
0,1,383,2040.1425182094183,20,2,15,1,0,2,0.3410199195732665,0.3341591871052897,0.34881933388962627,0.36622191744584764,0.18471147899722426,540.0,720.0
0,1,384,2117.991691089746,22,3,16,1,0,2,0.3410199195732665,0.33259650856432355,0.34945096236280626,0.35925185461196946,0.17958956445002625,594.0,792.0
0,1,385,2180.4462297107443,25,3,19,1,0,2,0.33965343905374507,0.33004630136941304,0.3488193338896262,0.3530228993531328,0.17081338623338427,675.0,900.0
0,1,386,2217.3751982064737,28,3,22,1,0,2,0.3384689916204835,0.3221313514303952,0.34818770541644617,0.3473878319038254,0.1627391637899431,756.0,1008.0
0,1,387,2227.708069032395,32,3,26,1,0,2,0.3351136513531364,0.30745175132640284,0.34548820620307485,0.3421393744404717,0.1542880616342547,864.0,1152.0
0,1,388,2200.9887775180014,36,3,29,2,0,2,0.3351136513531364,0.29592796084416895,0.3475560769432662,0.3413527169434361,0.1465512032538743,972.0,1296.0
0,1,389,2135.5863296367374,40,4,31,3,0,2,0.3384689916204835,0.3160538752271024,0.35075466321196547,0.3410345784835707,0.14492479457621077,1080.0,1440.0
0,1,390,2029.4959632139808,45,4,35,4,0,2,0.34234265122664675,0.33004630136941304,0.35142848303221197,0.3424429445046517,0.13975406063835155,1215.0,1620.0
0,1,391,1870.5626726875828,51,4,39,5,0,3,0.34234265122664675,0.3294711514823913,0.35234821398128363,0.35083323976760333,0.15347450595010137,1377.0,1836.0
0,1,392,1644.634787298036,57,4,44,6,0,3,0.33965343905374507,0.31360016290258513,0.3517350600152358,0.34926524663444797,0.14592372379721635,1539.0,2052.0
0,1,393,1343.530536758619,64,4,50,7,0,3,0.3396135843998178,0.31131987207037115,0.3510634516920658,0.3472902664031816,0.13874404180795172,1728.0,2304.0
0,1,394,1189.6197771071984,68,4,54,7,0,3,0.3396135843998178,0.3123134092561832,0.35087735972263956,0.34632412637140014,0.1350096108344339,1836.0,2448.0
0,1,395,1039.7312946664326,64,4,51,6,0,3,0.34099804514019594,0.3157589790952614,0.3510634516920658,0.3479706855336224,0.13818468630819056,1728.0,2304.0
0,1,396,944.0443291213479,62,5,48,6,0,3,0.3423645256597173,0.318094772178117,0.35185912132818664,0.34793713802677156,0.14118625513522198,1674.0,2232.0
0,1,397,851.109642673559,56,6,43,4,0,3,0.3384689916204835,0.307874302231293,0.35081532906616414,0.3431555229310866,0.1475866437765974,1512.0,2016.0
0,1,398,730.6918205992467,52,4,41,4,0,3,0.3398135977069343,0.3100938557437381,0.3510014210355904,0.34919824432331836,0.1489725133458327,1404.0,1872.0
0,1,399,672.7636051249734,49,4,39,4,0,2,0.3329427585190509,0.30898407898751556,0.3467202614510705,0.3392909286525224,0.13396485662362467,1323.0,1764.0
0,1,400,600.9776762532119,45,4,35,4,0,2,0.33190317763882454,0.3053739554275223,0.3470607429430729,0.3404607315279351,0.1387515265944976,1215.0,1620.0
0,1,401,459.7252967446544,42,3,34,3,0,2,0.33242296807893773,0.3105974466075778,0.3472258542764706,0.3442391205857501,0.14072534434916323,1134.0,1512.0
0,1,402,278.65839545538904,43,3,35,3,0,2,0.3329427585190509,0.31248127287746313,0.34689563160967507,0.34411783401876395,0.13908159841927398,1161.0,1548.0
0,1,403,127.96664196902252,40,3,33,2,0,2,0.3329824187717038,0.31153935974252045,0.3470607429430729,0.3445036233740544,0.14149557058968154,1080.0,1440.0
0,1,404,3.0,34,3,27,2,0,2,0.3317259068258921,0.3107763526879064,0.3458616962395794,0.3494742586684881,0.15106371950760927,918.0,1224.0
0,1,405,3.0,24,3,18,2,0,1,0.309414132347237,0.2960509843032632,0.33390367576675617,0.32763216133554957,0.1391013686070667,648.0,864.0
0,1,406,3.0,15,3,10,1,0,1,0.2965430781396401,0.2720796049944969,0.3092740299453281,0.3313293779238966,0.16835578026607032,405.0,540.0
0,1,407,3.0,8,2,6,0,0,0,0.2899614348275296,0.2625823929374992,0.30899382514151025,0.2814955899481455,0.06733216208335534,216.0,288.0
0,1,408,3.0,2,0,2,0,0,0,0.35026703311690244,0.34195635056106044,0.3585777156727444,0.35026703311690244,0.04155341277920996,54.0,72.0
0,1,409,3.0,0,0,0,0,0,0,0,0,0,0,0,0,0